{
   "brouge ave1":{
      "coords":{
         "h":235.5713653564453,
         "y":-1814.855224609375,
         "z":27.930984497070314,
         "x":148.46966552734376
      },
      "slots":[
         
      ],
      "access":[
         
      ]
   },
   "spanish ave1":{
      "coords":{
         "h":152.9984588623047,
         "y":596.9407958984375,
         "z":181.68618774414066,
         "x":-273.8117980957031
      },
      "slots":[
         
      ],
      "access":[
         
      ]
   },
   "ace jones dr1":{
      "coords":{
         "h":293.31536865234377,
         "y":530.8372802734375,
         "z":118.27223205566406,
         "x":-1485.201416015625
      },
      "slots":[
         
      ],
      "access":[
         
      ]
   },
   "grove st46":{
      "access":[
         
      ],
      "slots":[
         [
            {
               "x":100.82347106933594,
               "y":-1926.4681396484376,
               "z":20.5678653717041,
               "h":254.4919891357422
            },
            true
         ],
         [
            {
               "x":90.81119537353516,
               "y":-1920.85595703125,
               "z":20.587032318115236,
               "h":51.3381462097168
            },
            true
         ],
         [
            {
               "x":90.0409164428711,
               "y":-1935.553955078125,
               "z":20.641611099243165,
               "h":207.17715454101569
            },
            true
         ],
         [
            {
               "x":100.47746276855468,
               "y":-1937.02392578125,
               "z":20.80375862121582,
               "h":292.4402465820313
            },
            true
         ]
      ],
      "coords":{
         "h":288.1266174316406,
         "y":-1920.3177490234376,
         "z":20.74453926086426,
         "x":99.83328247070313
      },
      "max":4
   },
   "palomino ave1":{
      "coords":{
         "h":188.80812072753907,
         "y":-1102.46923828125,
         "z":-13.066679954528809,
         "x":-670.4974365234375
      },
      "slots":[
         
      ],
      "access":[
         
      ]
   },
   "grove st1":{
      "coords":{
         "h":232.3842315673828,
         "y":-1929.399658203125,
         "z":20.59799003601075,
         "x":110.9825439453125
      },
      "slots":[
         
      ],
      "access":[
         
      ]
   },
   "paleto blvd1":{
      "access":[
         
      ],
      "slots":[
         
      ],
      "coords":{
         "h":232.18853759765626,
         "y":6129.81201171875,
         "z":31.47832679748535,
         "x":-425.712646484375
      }
   },
   "nikola ave1":{
      "access":[
         
      ],
      "slots":[
         
      ],
      "coords":{
         "x":959.0463256835938,
         "y":-553.7841796875,
         "z":59.18221664428711,
         "h":223.4509429931641
      }
   },
   "west mirror drive3":{
      "coords":{
         "h":87.4295883178711,
         "y":-662.3165893554688,
         "z":57.97576522827149,
         "x":960.4567260742188
      },
      "slots":[
         
      ],
      "access":[
         
      ]
   },
   "north sheldon ave1":{
      "access":[
         
      ],
      "slots":[
         [
            {
               "x":-1107.179443359375,
               "y":790.7066650390625,
               "z":164.49832153320313,
               "h":10.61350154876709
            },
            false,
            {
               "model":-1216765807,
               "props":{
                  "extras":[
                     
                  ],
                  "tyreSmokeColor":[
                     255,
                     255,
                     255
                  ],
                  "modSpoilers":-1,
                  "modBrakes":-1,
                  "modGrille":-1,
                  "plateIndex":0,
                  "modRoof":-1,
                  "modCustomTyres":false,
                  "windowTint":-1,
                  "modTrimA":-1,
                  "color2":13,
                  "modLivery":-1,
                  "modTrimB":-1,
                  "modArchCover":-1,
                  "modAerials":-1,
                  "modEngineBlock":-1,
                  "modOrnaments":-1,
                  "model":-1216765807,
                  "plate":"07ABX496",
                  "modDashboard":-1,
                  "modFrontBumper":-1,
                  "modSpeakers":-1,
                  "modFender":-1,
                  "modStruts":-1,
                  "color1":3,
                  "modSteeringWheel":-1,
                  "modSideSkirt":-1,
                  "modRightFender":-1,
                  "wheels":7,
                  "modFrame":-1,
                  "modVanityPlate":-1,
                  "modPlateHolder":-1,
                  "neonColor":[
                     255,
                     0,
                     255
                  ],
                  "modSeats":-1,
                  "dirtLevel":5.000728130340576,
                  "neonEnabled":[
                     false,
                     false,
                     false,
                     false
                  ],
                  "modEngine":-1,
                  "modHorns":-1,
                  "wheelColor":156,
                  "modExhaust":-1,
                  "modTank":-1,
                  "modAirFilter":-1,
                  "modHood":-1,
                  "modDial":-1,
                  "modXenon":false,
                  "modAPlate":-1,
                  "modSmokeEnabled":false,
                  "modDoorSpeaker":-1,
                  "health":1000,
                  "modFrontWheels":-1,
                  "modSuspension":-1,
                  "modHydrolic":-1,
                  "modTurbo":false,
                  "modRearBumper":-1,
                  "modBackWheels":-1,
                  "modShifterLeavers":-1,
                  "modTransmission":-1,
                  "pearlescentColor":5,
                  "modTrunk":-1,
                  "modWindows":-1,
                  "modArmor":-1
               },
               "plate":"07ABX496"
            }
         ],
         [
            {
               "x":-1094.201904296875,
               "y":785.8164672851563,
               "z":164.30889892578126,
               "h":319.5956115722656
            },
            true
         ],
         [
            {
               "h":268.501220703125,
               "y":789.7176513671875,
               "z":165.23736572265626,
               "x":-1082.0267333984376
            },
            false,
            {
               "model":-1216765807,
               "props":{
                  "extras":[
                     
                  ],
                  "tyreSmokeColor":[
                     255,
                     255,
                     255
                  ],
                  "modSpoilers":-1,
                  "modBrakes":-1,
                  "modGrille":-1,
                  "plateIndex":0,
                  "modRoof":-1,
                  "modCustomTyres":false,
                  "windowTint":-1,
                  "modTrimA":-1,
                  "color2":12,
                  "modLivery":-1,
                  "modTrimB":-1,
                  "modArchCover":-1,
                  "modAerials":-1,
                  "modEngineBlock":-1,
                  "modOrnaments":-1,
                  "model":-1216765807,
                  "plate":"82RAG651",
                  "modDashboard":-1,
                  "modFrontBumper":-1,
                  "modSpeakers":-1,
                  "modFender":-1,
                  "modStruts":-1,
                  "color1":4,
                  "modSteeringWheel":-1,
                  "modSideSkirt":-1,
                  "modRightFender":-1,
                  "wheels":7,
                  "modFrame":-1,
                  "modVanityPlate":-1,
                  "modPlateHolder":-1,